{
  "nuclearcraft:root": {
    "criteria": {
      "location": "2024-07-10 00:42:57 +0000"
    },
    "done": true
  },
  "iceandfire:iceandfire/root": {
    "criteria": {
      "tick": "2024-07-10 00:42:57 +0000"
    },
    "done": true
  },
  "nocubessrparmory:advsrparmoryroot": {
    "criteria": {
      "advsrparmoryroot": "2024-07-10 00:42:57 +0000"
    },
    "done": true
  },
  "nocubessrpnests:advsrpnestsaddonroot": {
    "criteria": {
      "advsrpnestsaddonroot": "2024-07-10 00:42:57 +0000"
    },
    "done": true
  },
  "minecraft:adventure/adventuring_time": {
    "criteria": {
      "plains": "2024-07-09 00:04:48 +0000",
      "taiga": "2024-07-09 00:04:25 +0000",
      "taiga_hills": "2024-07-09 00:04:01 +0000",
      "river": "2024-07-09 00:04:38 +0000"
    },
    "done": false
  },
  "nocubessrpsurvival:advparasitesurvivalroot": {
    "criteria": {
      "advparasitesurvivalroot": "2024-07-10 00:42:57 +0000"
    },
    "done": true
  }
}